–ò–º—è –≥–æ–ª–æ—Å–∞,–ö–∞—Ç–µ–≥–æ—Ä–∏—è,–ü–æ–¥–∫–∞—Ç–µ–≥–æ—Ä–∏—è,,–û–ø–∏—Å–∞–Ω–∏–µ,–ü–æ–ª,–î–æ—Å—Ç—É–ø –ø–æ –ø–æ–¥–ø–∏—Å–∫–∞–º,–ù–∞–∑–≤–∞–Ω–∏–µ –æ–±–ª–æ–∂–∫–∏,–ù–∞–∑–≤–∞–Ω–∏–µ –ø–∞–ø–∫–∏
voice_name,category,subcategory,slug,description,gender,subscription_type_name,image_file_name,voices_folder_name
–î–º–∏—Ç—Ä–∏–π –ö—É–ø–ª–∏–Ω–æ–≤,–Æ—Ç—É–±–µ—Ä—ã,,Dima_Kuplinov_youtuber,,male,"red7, black14,blue30, violetvip",–î–º–∏—Ç—Ä–∏–π –ö—É–ø–ª–∏–Ω–æ–≤ —é—Ç—É–±–µ—Ä,–î–º–∏—Ç—Ä–∏–π –ö—É–ø–ª–∏–Ω–æ–≤
–ë—É–ª–∫–∏–Ω,–Æ—Ç—É–±–µ—Ä—ã,,Bulkin_youtuber,,male,"red7, black14,blue30, violetvip",–ë—É–ª–∫–∏–Ω —é—Ç—É–±–µ—Ä,–ë—É–ª–∫–∏–Ω
–ë—Ä–∞–π–Ω –ú–∞–ø—Å,–Æ—Ç—É–±–µ—Ä—ã,,TheBrianMaps,,male,"red7, black14,blue30, violetvip",–ë—Ä–∞–π–Ω –ú–∞–ø—Å —é—Ç—É–±–µ—Ä,–ë—Ä–∞–π–Ω –ú–∞–ø—Å
–í–∏—Ç—ë–∫ –ü–ª–µ–π,–Æ—Ç—É–±–µ—Ä—ã,,Vitec-Play-youtuber,,male,"red7, black14,blue30, violetvip",–í–∏—Ç–µ–∫ –ü–ª–µ–π —é—Ç—É–±–µ—Ä,–í–∏—Ç—ë–∫ –ü–ª–µ–π
–ì—É—Ä–∞ –ì–∞–≤—Ä (eng),–Æ—Ç—É–±–µ—Ä—ã,,Gura_Gawr,,female,"red7, black14,blue30, violetvip",–ì—É—Ä–∞ –ì–∞–≤—Ä –∞–Ω–≥–ª —é—Ç—É–±–µ—Ä—à–∞,–ì—É—Ä–∞ –ì–∞–≤—Ä (eng)
–Æ—Ä–∏–π –•–æ–≤–∞–Ω—Å–∫–∏–π ,–Æ—Ç—É–±–µ—Ä—ã,,Yuriy-Xovanskiy,,male,"red7, black14,blue30, violetvip",–Æ—Ä–∏–π –•–æ–≤–∞–Ω—Å–∫–∏–π —é—Ç—É–±–µ—Ä,–Æ—Ä–∏–π –•–æ–≤–∞–Ω—Å–∫–∏–π 
–ö–∞—Ç—è –ê–¥—É—à–∫–∏–Ω–∞,–Æ—Ç—É–±–µ—Ä—ã,,katyadyshkina,,female,"red7, black14,blue30, violetvip",–ö–∞—Ç—è –ê–¥—É—à–∫–∏–Ω–∞ —é—Ç—É–±–µ—Ä,–ö–∞—Ç—è –ê–¥—É—à–∫–∏–Ω–∞
Telblognet,–Æ—Ç—É–±–µ—Ä—ã,,telblognet_youtuber,,male,"red7, black14,blue30, violetvip",–¢–µ–ª–±–ª–æ–∫–Ω–µ—Ç telblognet —é—Ç—É–±–µ—Ä,Telblognet
–ì–æ–±–ª–∏–Ω –ü—É—á–∫–æ–≤,–Æ—Ç—É–±–µ—Ä—ã,,Goblin_Puchkov,,male,"red7, black14,blue30, violetvip",–ì–æ–±–ª–∏–Ω –ü—É—á–∫–æ–≤ —é—Ç—É–±–µ—Ä,–ì–æ–±–ª–∏–Ω –ü—É—á–∫–æ–≤
–ö–µ–∫–∞ –°–∏–º–ø–ª,–Æ—Ç—É–±–µ—Ä—ã,,keka_by_Nstudio,,female,"red7, black14,blue30, violetvip",–ö–µ–∫–∞ –°–∏–º–ø–ª —é—Ç—É–±–µ—Ä,–ö–µ–∫–∞ –°–∏–º–ø–ª
–í—ã–∂–∏–≤–∞–ª–æ–≤–æ,–Æ—Ç—É–±–µ—Ä—ã,,Vijivalovo_youtuber,,male,"red7, black14,blue30, violetvip",–í—ã–∂–∏–≤–∞–ª–æ–≤–æ —é—Ç—É–±–µ—Ä,–í—ã–∂–∏–≤–∞–ª–æ–≤–æ
–ú–∞—Ä–º–æ–∫,–Æ—Ç—É–±–µ—Ä—ã,,Marmok_youtuber_aihub,,male,"red7, black14,blue30, violetvip",–ú–∞—Ä–º–æ–∫ —é—Ç—É–±–µ—Ä,–ú–∞—Ä–º–æ–∫
–í–∏–Ω–¥–∏ 31,–Æ—Ç—É–±–µ—Ä—ã,,Windy31_youtuber,Windy31,male,"red7, black14,blue30, violetvip",–í–∏–Ω–¥–∏ 31 —é—Ç—É–±–µ—Ä,–í–∏–Ω–¥–∏ 31
–¢—ç–¥–∏,–Æ—Ç—É–±–µ—Ä—ã,,Taedi_youtuber,Taedi,female,"red7, black14,blue30, violetvip",–¢—ç–¥–∏ Taedi —é—Ç—É–±–µ—Ä,–¢—ç–¥–∏
–Æ—Ç—É–±–Ω–∞—è,–Æ—Ç—É–±–µ—Ä—ã,,youtubnaya,,female,"red7, black14,blue30, violetvip",–Æ—Ç—É–±–Ω–∞—è —é—Ç—É–±–µ—Ä,–Æ—Ç—É–±–Ω–∞—è
–õ–æ–ª–æ–ª–æ—à–∫–∞,–Æ—Ç—É–±–µ—Ä—ã,,Lololoshka_youtuber,,male,"red7, black14,blue30, violetvip",–õ–æ–ª–æ–ª–æ—à–∫–∞ —é—Ç—É–±–µ—Ä,–õ–æ–ª–æ–ª–æ—à–∫–∞
–ü–∞—à–∞ –¢–µ—Ö–Ω–∏–∫,–Æ—Ç—É–±–µ—Ä—ã,,Pasha-Texnik,,male,"red7, black14,blue30, violetvip",–ü–∞—à–∞ –¢–µ—Ö–Ω–∏–∫ —é—Ç—É–±–µ—Ä,–ü–∞—à–∞ –¢–µ—Ö–Ω–∏–∫
–ê—Ä—Ç–µ–º–∏–π –õ–µ–±–µ–¥–µ–≤,–Æ—Ç—É–±–µ—Ä—ã,,Artemiy_Lebedev,,male,"red7, black14,blue30, violetvip",–ê—Ä—Ç–µ–º–∏–π –õ–µ–±–µ–¥–µ–≤ —é—Ç—É–±–µ—Ä,–ê—Ä—Ç–µ–º–∏–π –õ–µ–±–µ–¥–µ–≤
–í–∏–ª—Å–∞–∫–æ–º,–Æ—Ç—É–±–µ—Ä—ã,,Vilsakom_youtuber,Wylsacom,male,"red7, black14,blue30, violetvip",–í–∏–ª—Å–∞–∫–æ–º —é—Ç—É–±–µ—Ä,–í–∏–ª—Å–∞–∫–æ–º
–ê–ø–≤–æ—É—Ç,–Æ—Ç—É–±–µ—Ä—ã,,Apvout_youtuber,,male,"red7, black14,blue30, violetvip",–ê–ø–≤–æ—É—Ç —é—Ç—É–±–µ—Ä,–ê–ø–≤–æ—É—Ç
–ù–∞—Ç–∞–ª–∏—è –ê—Ä—Ç–∞–º–æ–Ω–æ–≤–∞,–Æ—Ç—É–±–µ—Ä—ã,,Natalia_Artamonava,,female,"red7, black14,blue30, violetvip",–ù–∞—Ç–∞–ª–∏—è –ê—Ä—Ç–∞–º–æ–Ω–æ–≤–∞ —é—Ç—É–±–µ—Ä,–ù–∞—Ç–∞–ª–∏—è –ê—Ä—Ç–∞–º–æ–Ω–æ–≤–∞
–î–∞—à–∞ –û—Å—Ç—Ä–æ–≤—Å–∫–∞—è,–Æ—Ç—É–±–µ—Ä—ã,,Dasha_Ostrovskay,,female,"red7, black14,blue30, violetvip",–î–∞—à–∞ –û—Å—Ç—Ä–æ–≤—Å–∫–∞—è —é—Ç—É–±–µ—Ä,–î–∞—à–∞ –û—Å—Ç—Ä–æ–≤—Å–∫–∞—è
–î—Ä—É–∂–∫–æ –®–æ—É,–Æ—Ç—É–±–µ—Ä—ã,,Drujko-show,,male,"red7, black14,blue30, violetvip",–î—Ä—É–∂–∫–æ –®–æ—É —é—Ç—É–±–µ—Ä,–î—Ä—É–∂–∫–æ –®–æ—É
–ê–Ω—Ç–æ–Ω –®–∞—Å—Ç—É–Ω,–Æ—Ç—É–±–µ—Ä—ã,,Anton_Shastun_youtuber,,male,"red7, black14,blue30, violetvip",–ê–Ω—Ç–æ–Ω –®–∞—Å—Ç—É–Ω —é—Ç—É–±–µ—Ä,–ê–Ω—Ç–æ–Ω –®–∞—Å—Ç—É–Ω
–ú–∏—Å—Ç–µ—Ä –ë–∏—Å—Ç (rus),–Æ—Ç—É–±–µ—Ä—ã,,MrBeastRuss_youtuber,,male,"red7, black14,blue30, violetvip",–ú–∏—Å—Ç–µ—Ä –ë–∏—Å—Ç rus —é—Ç—É–±–µ—Ä,–ú–∏—Å—Ç–µ—Ä –ë–∏—Å—Ç (rus)
–î–µ—Ä–∂–∏ –î–≤–µ—Ä—å,–Æ—Ç—É–±–µ—Ä—ã,,Dergidver_youtuber,,male,"red7, black14,blue30, violetvip",–î–µ—Ä–∂–∏ –î–≤–µ—Ä—å —é—Ç—É–±–µ—Ä,–î–µ—Ä–∂–∏ –î–≤–µ—Ä—å
–ë–∏–ª–ª–∏,–Æ—Ç—É–±–µ—Ä—ã,,BiLLy-yuotuber-tanki,,male,"red7, black14,blue30, violetvip",–ë–∏–ª–ª–∏ –¢–∞–Ω–∫–∏—Å—Ç —é—Ç—É–±–µ—Ä,–ë–∏–ª–ª–∏
–ù–µ—Ä–∫–∏–Ω,–Æ—Ç—É–±–µ—Ä—ã,,Nerkin_youtuber,,male,"red7, black14,blue30, violetvip",–ù–µ—Ä–∫–∏–Ω —é—Ç—É–±–µ—Ä,–ù–µ—Ä–∫–∏–Ω
–ê–ª—å–±–µ—Ä—Ç,–Æ—Ç—É–±–µ—Ä—ã,,Albert_youtuber,,male,"red7, black14,blue30, violetvip",–ê–ª—å–±–µ—Ä—Ç —é—Ç—É–±–µ—Ä,–ê–ª—å–±–µ—Ä—Ç
–Æ—Ä–∏–π –ø—Ä–æ—Ñ–µ—Å—Å–∏–æ–Ω–∞–ª,–Æ—Ç—É–±–µ—Ä—ã,,Yuri-Professional-youtuber,Yuri The Professional,male,"red7, black14,blue30, violetvip",–Æ—Ä–∏–π –ø—Ä–æ—Ñ–µ—Å—Å–∏–æ–Ω–∞–ª —é—Ç—É–±–µ—Ä,–Æ—Ä–∏–π –ø—Ä–æ—Ñ–µ—Å—Å–∏–æ–Ω–∞–ª
–ü–æ –±—Ä–∞—Ç—Å–∫–∏,–Æ—Ç—É–±–µ—Ä—ã,,Po-bratski-youtuber,,male,"red7, black14,blue30, violetvip",–ü–æ –±—Ä–∞—Ç—Å–∫–∏ —é—Ç—É–±–µ—Ä,–ü–æ –±—Ä–∞—Ç—Å–∫–∏
–ú–∞–∫—Å–∏–º –í–µ—Ä–¥–∏–∫—Ç,–Æ—Ç—É–±–µ—Ä—ã,,Maxim-Verdikt-youtuber,,male,"red7, black14,blue30, violetvip",–ú–∞–∫—Å–∏–º –í–µ—Ä–¥–∏–∫—Ç —é—Ç—É–±–µ—Ä,–ú–∞–∫—Å–∏–º –í–µ—Ä–¥–∏–∫—Ç
–≠—Ä–∏–∫ –®–æ–∫–æ–≤,–Æ—Ç—É–±–µ—Ä—ã,,Erik_Shokov_youtuber,,male,"red7, black14,blue30, violetvip",–≠—Ä–∏–∫ –®–æ–∫–æ–≤ —é—Ç—É–±–µ—Ä,–≠—Ä–∏–∫ –®–æ–∫–æ–≤
–ì—É—Å–µ–π–Ω –ì–∞—Å–∞–Ω–æ–≤,–Æ—Ç—É–±–µ—Ä—ã,,Guseyn-Gasanov-youtuber,,male,"red7, black14,blue30, violetvip",–ì—É—Å–µ–π–Ω –ì–∞—Å–∞–Ω–æ–≤ —é—Ç—É–±–µ—Ä,–ì—É—Å–µ–π–Ω –ì–∞—Å–∞–Ω–æ–≤
–ê–π—Ç–∏–ø–µ–¥–∏—è,–Æ—Ç—É–±–µ—Ä—ã,,itpedia_youtuber,,male,"red7, black14,blue30, violetvip",–ê–π—Ç–∏–ø–µ–¥–∏—è —é—Ç—É–±–µ—Ä,–ê–π—Ç–∏–ø–µ–¥–∏—è
–ú–æ—Ä–≥–µ–Ω—à—Ç–µ—Ä–Ω,–Æ—Ç—É–±–µ—Ä—ã,,Morgenshtern_youtuber,,male,"red7, black14,blue30, violetvip",–ú–æ—Ä–≥–µ–Ω—à—Ç–µ—Ä–Ω —é—Ç—É–±–µ—Ä,–ú–æ—Ä–≥–µ–Ω—à—Ç–µ—Ä–Ω
–§–∏—Ä–∞–º–∏—Ä,–Æ—Ç—É–±–µ—Ä—ã,,Firamir_youtuber,,male,"red7, black14,blue30, violetvip",–§–∏—Ä–∞–º–∏—Ä —é—Ç—É–±–µ—Ä,–§–∏—Ä–∞–º–∏—Ä
–î–æ–º–µ—Ä,–Æ—Ç—É–±–µ—Ä—ã,,Domer_youtuber,,male,"red7, black14,blue30, violetvip",–î–æ–º–µ—Ä —é—Ç—É–±–µ—Ä,–î–æ–º–µ—Ä
–ú–æ—Ä–∏–∞—Ä—Ç–∏,–Æ—Ç—É–±–µ—Ä—ã,,Moriarti_youtuber,,male,"red7, black14,blue30, violetvip",–ú–æ—Ä–∏–∞—Ä—Ç–∏ —é—Ç—É–±–µ—Ä,–ú–æ—Ä–∏–∞—Ä—Ç–∏
–ï–≤–≥–µ–Ω–∏–π –ü–æ–Ω–∞—Å–µ–Ω–∫–æ–≤,–Æ—Ç—É–±–µ—Ä—ã,,Ponasenkov-maestro,,male,"red7, black14,blue30, violetvip",–ú–∞—ç—Å—Ç—Ä–æ –ü–æ–Ω–∞—Å–µ–Ω–∫–æ–≤ —é–±—É—Ç–µ—Ä,–ï–≤–≥–µ–Ω–∏–π –ü–æ–Ω–∞—Å–µ–Ω–∫–æ–≤
–ü–∞–∫ –ß–∏ –ú–∏–Ω,BTS(üá∞üá∑),,Pak-Chi-Min-bts,"–ü–æ–¥–∞—á–∞ –≥–æ–ª–æ—Å–∞: –±—ã—Ç–æ–≤–∞—è, —Ä–∞–∑–≥–æ–≤–æ—Ä–Ω–∞—è",male,"red7, black14,blue30, violetvip",–ü–∞–∫ –ß–∏ –ú–∏–Ω –±—Ç—Å,–ü–∞–∫ –ß–∏ –ú–∏–Ω
–ß–æ–Ω –ß–æ–Ω–≥—É–∫,BTS(üá∞üá∑),,Chon-Chonguk-bts,"–ü–æ–¥–∞—á–∞ –≥–æ–ª–æ—Å–∞: –±—ã—Ç–æ–≤–∞—è, —Ä–∞–∑–≥–æ–≤–æ—Ä–Ω–∞—è",male,"red7, black14,blue30, violetvip",–ß–æ–Ω –ß–æ–Ω–≥—É–∫ –±—Ç—Å,–ß–æ–Ω –ß–æ–Ω–≥—É–∫
–ö–∏–º –°–æ–∫ –î–∂–∏–Ω,BTS(üá∞üá∑),,Kim-Sok-Jin-bts,"–ü–æ–¥–∞—á–∞ –≥–æ–ª–æ—Å–∞: –±—ã—Ç–æ–≤–∞—è, —Ä–∞–∑–≥–æ–≤–æ—Ä–Ω–∞—è",male,"red7, black14,blue30, violetvip",–ö–∏–º –°–æ–∫ –î–∂–∏–Ω –±—Ç—Å,–ö–∏–º –°–æ–∫ –î–∂–∏–Ω
–ú–∏–Ω –Æ–Ω–≥–∏,BTS(üá∞üá∑),,Min-Yungi-bts,"–ü–æ–¥–∞—á–∞ –≥–æ–ª–æ—Å–∞: –±—ã—Ç–æ–≤–∞—è, —Ä–∞–∑–≥–æ–≤–æ—Ä–Ω–∞—è",male,"red7, black14,blue30, violetvip",–ú–∏–Ω –Æ–Ω–≥–∏ –±—Ç—Å,–ú–∏–Ω –Æ–Ω–≥–∏
–ß–æ–Ω –•–æ –°–æ–∫,BTS(üá∞üá∑),,Chon-Ho-Sok-bts,"–ü–æ–¥–∞—á–∞ –≥–æ–ª–æ—Å–∞: –±—ã—Ç–æ–≤–∞—è, —Ä–∞–∑–≥–æ–≤–æ—Ä–Ω–∞—è",male,"red7, black14,blue30, violetvip",–ß–æ–Ω –•–æ –°–æ–∫ –±—Ç—Å,–ß–æ–Ω –•–æ –°–æ–∫
–ö–∏–º –ù–∞–º–¥–∂—É–Ω,BTS(üá∞üá∑),,Kim-Namdjun-bts,"–ü–æ–¥–∞—á–∞ –≥–æ–ª–æ—Å–∞: –±—ã—Ç–æ–≤–∞—è, —Ä–∞–∑–≥–æ–≤–æ—Ä–Ω–∞—è",male,"red7, black14,blue30, violetvip",–ö–∏–º –ù–∞–º–¥–∂—É–Ω –±—Ç—Å,–ö–∏–º –ù–∞–º–¥–∂—É–Ω
–ö–∏–º –¢—ç –•—ë–Ω,BTS(üá∞üá∑),,Kim-Te-Xen-bts,"–ü–æ–¥–∞—á–∞ –≥–æ–ª–æ—Å–∞: –±—ã—Ç–æ–≤–∞—è, —Ä–∞–∑–≥–æ–≤–æ—Ä–Ω–∞—è",male,"red7, black14,blue30, violetvip",–ö–∏–º –¢—ç –•—ë–Ω –±—Ç—Å,–ö–∏–º –¢—ç –•—ë–Ω
–ö–æ–ª—å—Ç,–ò–≥—Ä—ã,1. –ë—Ä–∞–≤–ª –°—Ç–∞—Ä—Å,KoLt-brawlstars,,male,"red7, black14,blue30, violetvip",–ö–æ–ª—å—Ç –±—Ä–∞–≤–ª —Å—Ç–∞—Ä—Å –æ–±–ª–æ–∂–∫–∞,–ö–æ–ª—å—Ç
–õ–µ–æ–Ω,–ò–≥—Ä—ã,1. –ë—Ä–∞–≤–ª –°—Ç–∞—Ä—Å,Leon-brawlstars,,male,"red7, black14,blue30, violetvip",–õ–µ–æ–Ω –±—Ä–∞–≤–ª —Å—Ç–∞—Ä—Å –æ–±–ª–æ–∂–∫–∞,–õ–µ–æ–Ω
–®–µ–ª–ª–∏ –®–æ—Ç–≥–∞–Ω,–ò–≥—Ä—ã,1. –ë—Ä–∞–≤–ª –°—Ç–∞—Ä—Å,ShellyShotgun-brawlstars,,female,"red7, black14,blue30, violetvip",–®–µ–ª–ª–∏ –®–æ—Ç–≥–∞–Ω –±—Ä–∞–≤–ª —Å—Ç–∞—Ä—Å –æ–±–ª–æ–∂–∫–∞,–®–µ–ª–ª–∏ –®–æ—Ç–≥–∞–Ω
–ì–µ–Ω–µ—Ä–∞–ª –ì–∞–≤—Å,–ò–≥—Ä—ã,1. –ë—Ä–∞–≤–ª –°—Ç–∞—Ä—Å,GeneralGavs-brawlstars,,male,"red7, black14,blue30, violetvip",–ì–µ–Ω–µ—Ä–∞–ª –ì–∞–≤—Å –±—Ä–∞–≤–ª —Å—Ç–∞—Ä—Å –æ–±–ª–æ–∂–∫–∞,–ì–µ–Ω–µ—Ä–∞–ª –ì–∞–≤—Å
–ú–æ—Ä—Ç–∏—Å,–ò–≥—Ä—ã,1. –ë—Ä–∞–≤–ª –°—Ç–∞—Ä—Å,Mortis-brawlstars,,male,"red7, black14,blue30, violetvip",–ú–æ—Ä—Ç–∏—Å –±—Ä–∞–≤–ª —Å—Ç–∞—Ä—Å –æ–±–ª–æ–∂–∫–∞,–ú–æ—Ä—Ç–∏—Å
–í–æ–ª—å—Ç,–ò–≥—Ä—ã,1. –ë—Ä–∞–≤–ª –°—Ç–∞—Ä—Å,BoLt-brawlstars,,male,"red7, black14,blue30, violetvip",–í–æ–ª—å—Ç –±—Ä–∞–≤–ª —Å—Ç–∞—Ä—Å –æ–±–ª–æ–∂–∫–∞,–í–æ–ª—å—Ç
–≠–ª—å –ü—Ä–∏–º–æ,–ò–≥—Ä—ã,1. –ë—Ä–∞–≤–ª –°—Ç–∞—Ä—Å,Elprimo-brawlstars,,male,"red7, black14,blue30, violetvip",–≠–ª—å –ü—Ä–∏–º–æ –±—Ä–∞–≤–ª —Å—Ç–∞—Ä—Å –æ–±–ª–æ–∂–∫–∞,–≠–ª—å –ü—Ä–∏–º–æ
–≠–¥–≥–∞—Ä,–ò–≥—Ä—ã,1. –ë—Ä–∞–≤–ª –°—Ç–∞—Ä—Å,Edgar-brawlstars,,male,"red7, black14,blue30, violetvip",–≠–¥–≥–∞—Ä –±—Ä–∞–≤–ª —Å—Ç–∞—Ä—Å –æ–±–ª–æ–∂–∫–∞,–≠–¥–≥–∞—Ä
–ü—É–¥–∂,–ò–≥—Ä—ã,3. –î–æ—Ç–∞ 2,Pudge-dota2,,male,"red7, black14,blue30, violetvip",–ü—É–¥–∂ –¥–æ—Ç–∞ –æ–±–ª–æ–∂–∫–∞,–ü—É–¥–∂
–ê–∫–∞—à–∞,–ò–≥—Ä—ã,3. –î–æ—Ç–∞ 2,Akasha-dota2,,female,"red7, black14,blue30, violetvip",–ê–∫–∞—à–∞ –¥–æ—Ç–∞ –æ–±–ª–æ–∂–∫–∞,–ê–∫–∞—à–∞
–°–Ω–∞–π–ø–µ—Ä,–ò–≥—Ä—ã,3. –î–æ—Ç–∞ 2,Sniper-dota2,,male,"red7, black14,blue30, violetvip",–°–Ω–∞–π–ø–µ—Ä –¥–æ—Ç–∞ –æ–±–ª–æ–∂–∫–∞,–°–Ω–∞–π–ø–µ—Ä
–ò–Ω–≤–æ–∫–µ—Ä,–ò–≥—Ä—ã,3. –î–æ—Ç–∞ 2,Invoker-dota2,,male,"red7, black14,blue30, violetvip",–ò–Ω–≤–æ–∫–µ—Ä –¥–æ—Ç–∞ –æ–±–ª–æ–∂–∫–∞,–ò–Ω–≤–æ–∫–µ—Ä
–í–∏–Ω–¥—Ä–∞–Ω–≥–µ—Ä,–ò–≥—Ä—ã,3. –î–æ—Ç–∞ 2,Vindranger-dota2,,female,"red7, black14,blue30, violetvip",–í–∏–Ω–¥—Ä–∞–Ω–≥–µ—Ä –¥–æ—Ç–∞ –æ–±–ª–æ–∂–∫–∞,–í–∏–Ω–¥—Ä–∞–Ω–≥–µ—Ä
–î–∂–∞–≥–≥–µ—Ä–Ω–∞—É—Ç,–ò–≥—Ä—ã,3. –î–æ—Ç–∞ 2,Juggernaut-dota2,,male,"red7, black14,blue30, violetvip",–î–∂–∞–≥–≥–µ—Ä–Ω–∞—É—Ç –¥–æ—Ç–∞ –æ–±–ª–æ–∂–∫–∞,–î–∂–∞–≥–≥–µ—Ä–Ω–∞—É—Ç
–§–∞–Ω—Ç–æ–º –ê—Å—Å–∞—Å–∏–Ω,–ò–≥—Ä—ã,3. –î–æ—Ç–∞ 2,FantomAssasin-dota2,,female,"red7, black14,blue30, violetvip",–§–∞–Ω—Ç–æ–º –ê—Å—Å–∞—Å–∏–Ω –¥–æ—Ç–∞ –æ–±–ª–æ–∂–∫–∞,–§–∞–Ω—Ç–æ–º –ê—Å—Å–∞—Å–∏–Ω
–ê–Ω—Ç–∏–º–∞–≥,–ò–≥—Ä—ã,3. –î–æ—Ç–∞ 2,Antimag-dota2,,male,"red7, black14,blue30, violetvip",–ê–Ω—Ç–∏–º–∞–≥ –¥–æ—Ç–∞ –æ–±–ª–æ–∂–∫–∞,–ê–Ω—Ç–∏–º–∞–≥
–ê–∑–∏—Ä,–ò–≥—Ä—ã,8. –õ–∏–≥–∞ –õ–µ–≥–µ–Ω–¥,Azir-League-of-Legends,,male,"red7, black14,blue30, violetvip",–ê–∑–∏—Ä –õ–∏–≥–∞ –õ–µ–≥–µ–Ω–¥ –û–±–ª–æ–∂–∫–∞,–ê–∑–∏—Ä
–ò–∑–±—Ä–∞–Ω–Ω–∏—Ü–∞ –ó–∏–º—ã –°–µ–Ω–Ω–∞,–ò–≥—Ä—ã,8. –õ–∏–≥–∞ –õ–µ–≥–µ–Ω–¥,Izbrannica-Zimi-Senna-liga-legend,,female,"red7, black14,blue30, violetvip",–ò–∑–±—Ä–∞–Ω–Ω–∏—Ü–∞ –∑–∏–º—ã —Å–µ–Ω–Ω–∞ –ª–∏–≥–∞ –ª–µ–≥–µ–Ω–¥ –æ–±–ª–æ–∂–∫–∞,–ò–∑–±—Ä–∞–Ω–Ω–∏—Ü–∞ –ó–∏–º—ã –°–µ–Ω–Ω–∞
–•–≤—ç–π,–ò–≥—Ä—ã,8. –õ–∏–≥–∞ –õ–µ–≥–µ–Ω–¥,Hvey-liga-legend,,male,"red7, black14,blue30, violetvip",–•–≤—ç–π –ª–∏–≥–∞ –ª–µ–≥–µ–Ω–¥ –æ–±–ª–æ–∂–∫–∞,–•–≤—ç–π
–†—ç–π–∫–∞–Ω,–ò–≥—Ä—ã,8. –õ–∏–≥–∞ –õ–µ–≥–µ–Ω–¥,Reykan-liga-legend,,male,"red7, black14,blue30, violetvip",–†—ç–π–∫–∞–Ω –ª–∏–≥–∞ –ª–µ–≥–µ–Ω–¥ –æ–±–ª–æ–∂–∫–∞,–†—ç–π–∫–∞–Ω
–ù–∞–∞—Ñ–∏—Ä–∏,–ò–≥—Ä—ã,8. –õ–∏–≥–∞ –õ–µ–≥–µ–Ω–¥,NaaFiRi-liga-legend,,female,"red7, black14,blue30, violetvip",–ù–∞–∞—Ñ–∏—Ä–∏ –ª–∏–≥–∞ –ª–µ–≥–µ–Ω–¥ –æ–±–ª–æ–∂–∫–∞,–ù–∞–∞—Ñ–∏—Ä–∏
–ö–æ—Ä–æ–ª–µ–≤–∞ –§–µ–π –ö–∞—Ä–º–∞,–ò–≥—Ä—ã,8. –õ–∏–≥–∞ –õ–µ–≥–µ–Ω–¥,Koroleva-Fey-Karma-liga-legend,,female,"red7, black14,blue30, violetvip",–ö–æ—Ä–æ–ª–µ–≤–∞ –§–µ–π –ö–∞—Ä–º–∞ –ª–∏–≥–∞ –ª–µ–≥–µ–Ω–¥ –æ–±–ª–æ–∂–∫–∞,–ö–æ—Ä–æ–ª–µ–≤–∞ –§–µ–π –ö–∞—Ä–º–∞
–ú–∏–ª–∏–æ,–ò–≥—Ä—ã,8. –õ–∏–≥–∞ –õ–µ–≥–µ–Ω–¥,MiLio-liga-legend,,male,"red7, black14,blue30, violetvip",–ú–∏–ª–∏–æ –ª–∏–≥–∞ –ª–µ–≥–µ–Ω–¥ –æ–±–ª–æ–∂–∫–∞,–ú–∏–ª–∏–æ
–ò—Ä–µ–ª–∏—è,–ò–≥—Ä—ã,8. –õ–∏–≥–∞ –õ–µ–≥–µ–Ω–¥,IreLia-liga-legend,,female,"red7, black14,blue30, violetvip",–ò—Ä–µ–ª–∏—è –ª–∏–≥–∞ –ª–µ–≥–µ–Ω–¥ –æ–±–ª–æ–∂–∫–∞,–ò—Ä–µ–ª–∏—è
–ú–æ—Ä–¥–µ–∫–∞–π–∑–µ—Ä,–ò–≥—Ä—ã,8. –õ–∏–≥–∞ –õ–µ–≥–µ–Ω–¥,Mordekayzer-liga-legend,,male,"red7, black14,blue30, violetvip",–ú–æ—Ä–¥–µ–∫–∞–π–∑–µ—Ä –ª–∏–≥–∞ –ª–µ–≥–µ–Ω–¥ –æ–±–ª–æ–∂–∫–∞,–ú–æ—Ä–¥–µ–∫–∞–π–∑–µ—Ä
–≠–º–±–µ—Ä (eng),–ò–≥—Ä—ã,9. –ì–µ–Ω—à–∏–Ω –ò–º–ø–∞–∫—Ç,Amber_eng_genshin_impact,,female,"red7, black14,blue30, violetvip",–≠–º–±–µ—Ä –≥–µ–Ω—à–∏–Ω –∏–º–ø–∞–∫—Ç –æ–±–ª–æ–∂–∫–∞,–≠–º–±–µ—Ä (eng)
–ß–∂—É–Ω –õ–∏ (eng),–ò–≥—Ä—ã,9. –ì–µ–Ω—à–∏–Ω –ò–º–ø–∞–∫—Ç,Zhongli_eng_genshin_impact,,male,"red7, black14,blue30, violetvip",–ß–∂—É–Ω –õ–∏ –≥–µ–Ω—à–∏–Ω –∏–º–ø–∞–∫—Ç –æ–±–ª–æ–∂–∫–∞,–ß–∂—É–Ω –õ–∏ (eng)
–•—É –¢–∞—É (eng),–ò–≥—Ä—ã,9. –ì–µ–Ω—à–∏–Ω –ò–º–ø–∞–∫—Ç,HuTao_eng_genshin_impact,,female,"red7, black14,blue30, violetvip",–•—É –¢–∞—É –≥–µ–Ω—à–∏–Ω –∏–º–ø–∞–∫—Ç –æ–±–ª–æ–∂–∫–∞,–•—É –¢–∞—É (eng)
–ü–∞–π–º–æ–Ω (eng),–ò–≥—Ä—ã,9. –ì–µ–Ω—à–∏–Ω –ò–º–ø–∞–∫—Ç,Paimon_eng_genshin_impact,,female,"red7, black14,blue30, violetvip",–ü–∞–π–º–æ–Ω –≥–µ–Ω—à–∏–Ω –∏–º–ø–∞–∫—Ç –æ–±–ª–æ–∂–∫–∞,–ü–∞–π–º–æ–Ω (eng)
–î–∏–ª—é–∫ (eng),–ò–≥—Ä—ã,9. –ì–µ–Ω—à–∏–Ω –ò–º–ø–∞–∫—Ç,Diluc_eng_genshin_impact,,male,"red7, black14,blue30, violetvip",–î–∏–ª—é–∫ –≥–µ–Ω—à–∏–Ω –∏–º–ø–∞–∫—Ç –æ–±–ª–æ–∂–∫–∞,–î–∏–ª—é–∫ (eng)
–õ–∏–∑–∞ (eng),–ò–≥—Ä—ã,9. –ì–µ–Ω—à–∏–Ω –ò–º–ø–∞–∫—Ç,Lisa_eng_genshin_impact,,female,"red7, black14,blue30, violetvip",–õ–∏–∑–∞ –≥–µ–Ω—à–∏–Ω –∏–º–ø–∞–∫—Ç –æ–±–ª–æ–∂–∫–∞,–õ–∏–∑–∞ (eng)
–Ø—ç –ú–∏–∫–æ (eng),–ò–≥—Ä—ã,9. –ì–µ–Ω—à–∏–Ω –ò–º–ø–∞–∫—Ç,YaeMiko_eng_genshin_impact,,female,"red7, black14,blue30, violetvip",–Ø—ç –ú–∏–∫–æ –≥–µ–Ω—à–∏–Ω –∏–º–ø–∞–∫—Ç –æ–±–ª–æ–∂–∫–∞,–Ø—ç –ú–∏–∫–æ (eng)
–í–µ–Ω—Ç–∏ (eng),–ò–≥—Ä—ã,9. –ì–µ–Ω—à–∏–Ω –ò–º–ø–∞–∫—Ç,Venti_eng_genshin_impact,,male,"red7, black14,blue30, violetvip",–í–µ–Ω—Ç–∏ –≥–µ–Ω—à–∏–Ω –∏–º–ø–∞–∫—Ç –æ–±–ª–æ–∂–∫–∞,–í–µ–Ω—Ç–∏ (eng)